Date,Close/Last,Volume,Open,High,Low,Day
09/19/2024,$228.87,66781320,$224.99,$229.82,$224.63,1257
09/18/2024,$220.69,59894930,$217.55,$222.71,$217.54,1256
09/17/2024,$216.79,45519340,$215.75,$216.90,$214.50,1255
09/16/2024,$216.32,59357430,$216.54,$217.22,$213.92,1254
09/13/2024,$222.50,36766620,$223.58,$224.04,$221.91,1253
09/12/2024,$222.77,37498230,$222.50,$223.55,$219.82,1252
09/11/2024,$222.66,44587070,$221.46,$223.09,$217.89,1251
09/10/2024,$220.11,51591030,$218.92,$221.48,$216.73,1250
09/09/2024,$220.91,67179970,$220.82,$221.27,$216.71,1249
09/06/2024,$220.82,48423010,$223.95,$225.24,$219.77,1248
09/05/2024,$222.38,36615400,$221.63,$225.48,$221.52,1247
09/04/2024,$220.85,43840200,$221.66,$221.78,$217.48,1246
09/03/2024,$222.77,50190570,$228.55,$229.00,$221.17,1245
08/30/2024,$229.00,52990770,$230.19,$230.40,$227.48,1244
08/29/2024,$229.79,51906300,$230.10,$232.92,$228.88,1243
08/28/2024,$226.49,38052170,$227.92,$229.86,$225.68,1242
08/27/2024,$228.03,35934560,$226.00,$228.85,$224.89,1241
08/26/2024,$227.18,30602210,$226.76,$227.28,$223.89,1240
08/23/2024,$226.84,38677250,$225.66,$228.22,$224.33,1239
08/22/2024,$224.53,43695320,$227.79,$228.34,$223.90,1238
08/21/2024,$226.40,34765480,$226.52,$227.98,$225.05,1237
08/20/2024,$226.51,30299030,$225.77,$227.17,$225.45,1236
08/19/2024,$225.89,40687810,$225.72,$225.99,$223.04,1235
08/16/2024,$226.05,44340240,$223.92,$226.83,$223.65,1234
08/15/2024,$224.72,46414010,$224.60,$225.35,$222.76,1233
08/14/2024,$221.72,41960570,$220.57,$223.03,$219.70,1232
08/13/2024,$221.27,44155330,$219.01,$221.89,$219.01,1231
08/12/2024,$217.53,38028090,$216.07,$219.51,$215.60,1230
08/09/2024,$216.24,42201650,$212.10,$216.78,$211.97,1229
08/08/2024,$213.31,47161150,$213.11,$214.20,$208.83,1228
08/07/2024,$209.82,63516420,$206.90,$213.64,$206.39,1227
08/06/2024,$207.23,69660490,$205.30,$209.99,$201.07,1226
08/05/2024,$209.27,119548600,$199.09,$213.50,$196.00,1225
08/02/2024,$219.86,105568600,$219.15,$225.60,$217.71,1224
08/01/2024,$218.36,62501000,$224.37,$224.48,$217.02,1223
07/31/2024,$222.08,50036260,$221.44,$223.82,$220.63,1222
07/30/2024,$218.80,41643840,$219.19,$220.33,$216.12,1221
07/29/2024,$218.24,36311780,$216.96,$219.30,$215.75,1220
07/26/2024,$217.96,41601350,$218.70,$219.49,$216.01,1219
07/25/2024,$217.49,51391200,$218.93,$220.85,$214.62,1218
07/24/2024,$218.54,61777580,$224.00,$224.80,$217.13,1217
07/23/2024,$225.01,39960260,$224.37,$226.94,$222.68,1216
07/22/2024,$223.96,48201840,$227.01,$227.78,$223.09,1215
07/19/2024,$224.31,49151450,$224.82,$226.80,$223.28,1214
07/18/2024,$224.18,66034590,$230.28,$230.44,$222.27,1213
07/17/2024,$228.88,57345880,$229.45,$231.46,$226.64,1212
07/16/2024,$234.82,43234280,$235.00,$236.27,$232.33,1211
07/15/2024,$234.40,62631250,$236.48,$237.23,$233.09,1210
07/12/2024,$230.54,53046530,$228.92,$232.64,$228.68,1209
07/11/2024,$227.57,64710620,$231.39,$232.39,$225.77,1208
07/10/2024,$232.98,62627690,$229.30,$233.08,$229.25,1207
07/09/2024,$228.68,48169820,$227.93,$229.40,$226.37,1206
07/08/2024,$227.82,59085860,$227.09,$227.85,$223.25,1205
07/05/2024,$226.34,60412410,$221.65,$226.45,$221.65,1204
07/03/2024,$221.55,37369800,$220.00,$221.55,$219.03,1203
07/02/2024,$220.27,58046180,$216.15,$220.38,$215.10,1202
07/01/2024,$216.75,60402930,$212.09,$217.51,$211.92,1201
06/28/2024,$210.62,82542720,$215.77,$216.07,$210.30,1200
06/27/2024,$214.10,49772710,$214.69,$215.74,$212.35,1199
06/26/2024,$213.25,66213190,$211.50,$214.86,$210.64,1198
06/25/2024,$209.07,56713870,$209.15,$211.38,$208.61,1197
06/24/2024,$208.14,80727010,$207.72,$212.70,$206.59,1196
06/21/2024,$207.49,246421400,$210.39,$211.89,$207.11,1195
06/20/2024,$209.68,86172450,$213.93,$214.24,$208.85,1194
06/18/2024,$214.29,79943250,$217.59,$218.63,$213.00,1193
06/17/2024,$216.67,93728300,$213.37,$218.95,$212.72,1192
06/14/2024,$212.49,70122750,$213.85,$215.17,$211.30,1191
06/13/2024,$214.24,97862730,$214.74,$216.75,$211.60,1190
06/12/2024,$213.07,198134300,$207.37,$220.20,$206.90,1189
06/11/2024,$207.15,172373300,$193.65,$207.16,$193.63,1188
06/10/2024,$193.12,97262080,$196.90,$197.30,$192.15,1187
06/07/2024,$196.89,53103910,$194.65,$196.94,$194.14,1186
06/06/2024,$194.48,41181750,$195.69,$196.50,$194.17,1185
06/05/2024,$195.87,54156790,$195.40,$196.90,$194.87,1184
06/04/2024,$194.35,47471450,$194.64,$195.32,$193.03,1183
06/03/2024,$194.03,50080540,$192.90,$194.99,$192.52,1182
05/31/2024,$192.25,75158280,$191.44,$192.57,$189.91,1181
05/30/2024,$191.29,49947940,$190.76,$192.18,$190.63,1180
05/29/2024,$190.29,53068020,$189.61,$192.25,$189.51,1179
05/28/2024,$189.99,52280050,$191.51,$193.00,$189.10,1178
05/24/2024,$189.98,36326980,$188.82,$190.58,$188.04,1177
05/23/2024,$186.88,51005920,$190.98,$191.00,$186.63,1176
05/22/2024,$190.90,34648550,$192.27,$192.82,$190.27,1175
05/21/2024,$192.35,42309400,$191.09,$192.73,$190.92,1174
05/20/2024,$191.04,44361280,$189.33,$191.92,$189.01,1173
05/17/2024,$189.87,41282930,$189.51,$190.81,$189.18,1172
05/16/2024,$189.84,52845230,$190.47,$191.10,$189.66,1171
05/15/2024,$189.72,70399990,$187.91,$190.65,$187.37,1170
05/14/2024,$187.43,52393620,$187.51,$188.30,$186.29,1169
05/13/2024,$186.28,72044810,$185.44,$187.10,$184.62,1168
05/10/2024,$183.05,50759500,$184.90,$185.09,$182.13,1167
05/09/2024,$184.57,48982970,$182.56,$184.66,$182.11,1166
05/08/2024,$182.74,45057090,$182.85,$183.07,$181.45,1165
05/07/2024,$182.40,77305770,$183.45,$184.90,$181.32,1164
05/06/2024,$181.71,78569670,$182.35,$184.20,$180.42,1163
05/03/2024,$183.38,163224100,$186.65,$187.00,$182.66,1162
05/02/2024,$173.03,94214920,$172.51,$173.42,$170.89,1161
05/01/2024,$169.30,50383150,$169.58,$172.71,$169.11,1160
04/30/2024,$170.33,65934780,$173.33,$174.99,$170.00,1159
04/29/2024,$173.50,68169420,$173.37,$176.03,$173.10,1158
04/26/2024,$169.30,44838350,$169.88,$171.34,$169.18,1157
04/25/2024,$169.89,50558330,$169.53,$170.61,$168.15,1156
04/24/2024,$169.02,48251840,$166.54,$169.30,$166.21,1155
04/23/2024,$166.90,49537760,$165.35,$167.05,$164.92,1154
04/22/2024,$165.84,48116440,$165.52,$167.26,$164.77,1153
04/19/2024,$165.00,68149380,$166.21,$166.40,$164.08,1152
04/18/2024,$167.04,43122900,$168.03,$168.64,$166.55,1151
04/17/2024,$168.00,50901210,$169.61,$170.65,$168.00,1150
04/16/2024,$169.38,73711240,$171.75,$173.76,$168.27,1149
04/15/2024,$172.69,73531770,$175.36,$176.63,$172.50,1148
04/12/2024,$176.55,101670900,$174.26,$178.36,$174.21,1147
04/11/2024,$175.04,91070280,$168.34,$175.46,$168.16,1146
04/10/2024,$167.78,49709340,$168.80,$169.09,$167.11,1145
04/09/2024,$169.67,42451210,$168.70,$170.08,$168.35,1144
04/08/2024,$168.45,37425510,$169.03,$169.20,$168.24,1143
04/05/2024,$169.58,42104830,$169.59,$170.39,$168.95,1142
04/04/2024,$168.82,53704390,$170.29,$171.92,$168.82,1141
04/03/2024,$169.65,47691720,$168.79,$170.68,$168.58,1140
04/02/2024,$168.84,49329480,$169.08,$169.34,$168.23,1139
04/01/2024,$170.03,46240500,$171.19,$171.25,$169.48,1138
03/28/2024,$171.48,65672690,$171.75,$172.23,$170.51,1137
03/27/2024,$173.31,60273270,$170.41,$173.60,$170.11,1136
03/26/2024,$169.71,57388450,$170.00,$171.42,$169.58,1135
03/25/2024,$170.85,54288330,$170.57,$171.94,$169.45,1134
03/22/2024,$172.28,71160140,$171.76,$173.05,$170.06,1133
03/21/2024,$171.37,106181300,$177.05,$177.49,$170.84,1132
03/20/2024,$178.67,53423100,$175.72,$178.67,$175.09,1131
03/19/2024,$176.08,55215240,$174.34,$176.61,$173.03,1130
03/18/2024,$173.72,75604180,$175.57,$177.71,$173.52,1129
03/15/2024,$172.62,121752700,$171.17,$172.62,$170.29,1128
03/14/2024,$173.00,72913510,$172.91,$174.31,$172.05,1127
03/13/2024,$171.13,52488690,$172.77,$173.19,$170.76,1126
03/12/2024,$173.23,59825370,$173.15,$174.03,$171.01,1125
03/11/2024,$172.75,60139470,$172.94,$174.38,$172.05,1124
03/08/2024,$170.73,76267040,$169.00,$173.70,$168.94,1123
03/07/2024,$169.00,71765060,$169.15,$170.73,$168.49,1122
03/06/2024,$169.12,68587710,$171.06,$171.24,$168.68,1121
03/05/2024,$170.12,95132360,$170.76,$172.04,$169.62,1120
03/04/2024,$175.10,81510100,$176.15,$176.90,$173.79,1119
03/01/2024,$179.66,73563080,$179.55,$180.53,$177.38,1118
02/29/2024,$180.75,136682600,$181.27,$182.57,$179.53,1117
02/28/2024,$181.42,48953940,$182.51,$183.12,$180.13,1116
02/27/2024,$182.63,54318850,$181.10,$183.92,$179.56,1115
02/26/2024,$181.16,40867420,$182.24,$182.76,$180.65,1114
02/23/2024,$182.52,45119680,$185.01,$185.04,$182.23,1113
02/22/2024,$184.37,52292210,$183.48,$184.96,$182.46,1112
02/21/2024,$182.32,41529670,$181.94,$182.89,$180.66,1111
02/20/2024,$181.56,53665550,$181.79,$182.43,$180.00,1110
02/16/2024,$182.31,49752470,$183.42,$184.85,$181.67,1109
02/15/2024,$183.86,65434500,$183.55,$184.49,$181.35,1108
02/14/2024,$184.15,54630520,$185.32,$185.53,$182.44,1107
02/13/2024,$185.04,56529530,$185.77,$186.21,$183.51,1106
02/12/2024,$187.15,41781930,$188.42,$188.67,$186.79,1105
02/09/2024,$188.85,45155220,$188.65,$189.99,$188.00,1104
02/08/2024,$188.32,40962050,$189.39,$189.54,$187.35,1103
02/07/2024,$189.41,53438960,$190.64,$191.05,$188.61,1102
02/06/2024,$189.30,43490760,$186.86,$189.31,$186.77,1101
02/05/2024,$187.68,69668820,$188.15,$189.25,$185.84,1100
02/02/2024,$185.85,102551700,$179.86,$187.33,$179.25,1099
02/01/2024,$186.86,64885410,$183.99,$186.95,$183.82,1098
01/31/2024,$184.40,55467800,$187.04,$187.10,$184.35,1097
01/30/2024,$188.04,55859370,$190.94,$191.80,$187.47,1096
01/29/2024,$191.73,47145620,$192.01,$192.20,$189.58,1095
01/26/2024,$192.42,44594010,$194.27,$194.76,$191.94,1094
01/25/2024,$194.17,54822130,$195.22,$196.27,$193.11,1093
01/24/2024,$194.50,53631320,$195.42,$196.38,$194.34,1092
01/23/2024,$195.18,42355590,$195.02,$195.75,$193.83,1091
01/22/2024,$193.89,60133850,$192.30,$195.33,$192.26,1090
01/19/2024,$191.56,68902990,$189.33,$191.95,$188.82,1089
01/18/2024,$188.63,78005750,$186.09,$189.14,$185.83,1088
01/17/2024,$182.68,47317430,$181.27,$182.93,$180.30,1087
01/16/2024,$183.63,65603040,$182.16,$184.26,$180.93,1086
01/12/2024,$185.92,40477780,$186.06,$186.74,$185.19,1085
01/11/2024,$185.59,49128410,$186.54,$187.05,$183.62,1084
01/10/2024,$186.19,46792910,$184.35,$186.40,$183.92,1083
01/09/2024,$185.14,42841810,$183.92,$185.15,$182.73,1082
01/08/2024,$185.56,59144470,$182.09,$185.60,$181.50,1081
01/05/2024,$181.18,62379660,$181.99,$182.76,$180.17,1080
01/04/2024,$181.91,71983570,$182.15,$183.09,$180.88,1079
01/03/2024,$184.25,58414460,$184.22,$185.88,$183.43,1078
01/02/2024,$185.64,82488670,$187.15,$188.44,$183.89,1077
12/29/2023,$192.53,42672150,$193.90,$194.40,$191.73,1076
12/28/2023,$193.58,34049900,$194.14,$194.66,$193.17,1075
12/27/2023,$193.15,48087680,$192.49,$193.50,$191.09,1074
12/26/2023,$193.05,28919310,$193.61,$193.89,$192.83,1073
12/22/2023,$193.60,37149570,$195.18,$195.41,$192.97,1072
12/21/2023,$194.68,46482550,$196.10,$197.08,$193.50,1071
12/20/2023,$194.83,52242820,$196.90,$197.68,$194.83,1070
12/19/2023,$196.94,40714050,$196.16,$196.95,$195.89,1069
12/18/2023,$195.89,55751860,$196.09,$196.63,$194.39,1068
12/15/2023,$197.57,128538400,$197.53,$198.40,$197.00,1067
12/14/2023,$198.11,66831570,$198.02,$199.62,$196.16,1066
12/13/2023,$197.96,70404180,$195.09,$198.00,$194.85,1065
12/12/2023,$194.71,52696900,$193.08,$194.72,$191.72,1064
12/11/2023,$193.18,60943700,$193.11,$193.49,$191.42,1063
12/08/2023,$195.71,53406360,$194.20,$195.99,$193.67,1062
12/07/2023,$194.27,47477660,$193.63,$195.00,$193.59,1061
12/06/2023,$192.32,41089740,$194.45,$194.76,$192.11,1060
12/05/2023,$193.42,66628400,$190.21,$194.40,$190.18,1059
12/04/2023,$189.43,43389520,$189.98,$190.05,$187.45,1058
12/01/2023,$191.24,45704820,$190.33,$191.56,$189.23,1057
11/30/2023,$189.95,48794370,$189.84,$190.32,$188.19,1056
11/29/2023,$189.37,43014220,$190.90,$192.09,$188.97,1055
11/28/2023,$190.40,38415420,$189.78,$191.08,$189.40,1054
11/27/2023,$189.79,40552610,$189.92,$190.67,$188.90,1053
11/24/2023,$189.97,24048340,$190.87,$190.90,$189.25,1052
11/22/2023,$191.31,39630010,$191.49,$192.93,$190.83,1051
11/21/2023,$190.64,38134490,$191.41,$191.52,$189.74,1050
11/20/2023,$191.45,46538610,$189.89,$191.91,$189.88,1049
11/17/2023,$189.69,50941400,$190.25,$190.38,$188.57,1048
11/16/2023,$189.71,54412920,$189.57,$190.96,$188.65,1047
11/15/2023,$188.01,53790500,$187.85,$189.50,$187.78,1046
11/14/2023,$187.44,60108380,$187.70,$188.11,$186.30,1045
11/13/2023,$184.80,43627520,$185.82,$186.03,$184.21,1044
11/10/2023,$186.40,66177920,$183.97,$186.57,$183.53,1043
11/09/2023,$182.41,53763540,$182.96,$184.12,$181.81,1042
11/08/2023,$182.89,49340280,$182.35,$183.45,$181.59,1041
11/07/2023,$181.82,70529970,$179.18,$182.44,$178.97,1040
11/06/2023,$179.23,63841310,$176.38,$179.43,$176.21,1039
11/03/2023,$176.65,79829250,$174.24,$176.82,$173.35,1038
11/02/2023,$177.57,77334750,$175.52,$177.78,$175.46,1037
11/01/2023,$173.97,56934910,$171.00,$174.23,$170.12,1036
10/31/2023,$170.77,44846020,$169.35,$170.90,$167.90,1035
10/30/2023,$170.29,51130960,$169.02,$171.17,$168.87,1034
10/27/2023,$168.22,58499130,$166.91,$168.96,$166.83,1033
10/26/2023,$166.89,70625260,$170.37,$171.38,$165.67,1032
10/25/2023,$171.10,57156960,$171.88,$173.06,$170.65,1031
10/24/2023,$173.44,43816640,$173.05,$173.67,$171.45,1030
10/23/2023,$173.00,55980110,$170.91,$174.01,$169.93,1029
10/20/2023,$172.88,64244030,$175.31,$175.42,$172.64,1028
10/19/2023,$175.46,59302860,$176.04,$177.84,$175.19,1027
10/18/2023,$175.84,54764380,$175.58,$177.58,$175.11,1026
10/17/2023,$177.15,57549350,$176.65,$178.42,$174.80,1025
10/16/2023,$178.72,52516980,$176.75,$179.08,$176.51,1024
10/13/2023,$178.85,51456080,$181.42,$181.93,$178.14,1023
10/12/2023,$180.71,56743120,$180.07,$182.34,$179.04,1022
10/11/2023,$179.80,47551100,$178.20,$179.85,$177.60,1021
10/10/2023,$178.39,43698020,$178.10,$179.72,$177.95,1020
10/09/2023,$178.99,42390770,$176.81,$179.05,$175.80,1019
10/06/2023,$177.49,57266680,$173.80,$177.99,$173.18,1018
10/05/2023,$174.91,48527920,$173.79,$175.45,$172.68,1017
10/04/2023,$173.66,53020290,$171.09,$174.21,$170.97,1016
10/03/2023,$172.40,49594610,$172.26,$173.63,$170.82,1015
10/02/2023,$173.75,52164540,$171.22,$174.30,$170.93,1014
09/29/2023,$171.21,51861080,$172.02,$173.07,$170.34,1013
09/28/2023,$170.69,56294420,$169.34,$172.03,$167.62,1012
09/27/2023,$170.43,66921810,$172.62,$173.04,$169.05,1011
09/26/2023,$171.96,64588950,$174.82,$175.20,$171.66,1010
09/25/2023,$176.08,46172740,$174.20,$176.97,$174.15,1009
09/22/2023,$174.79,56725390,$174.67,$177.08,$174.05,1008
09/21/2023,$173.93,63149120,$174.55,$176.30,$173.86,1007
09/20/2023,$175.49,58436180,$179.26,$179.70,$175.40,1006
09/19/2023,$179.07,51826940,$177.52,$179.63,$177.13,1005
09/18/2023,$177.97,67257570,$176.48,$179.38,$176.17,1004
09/15/2023,$175.01,109259500,$176.48,$176.50,$173.82,1003
09/14/2023,$175.74,60895760,$174.00,$176.10,$173.58,1002
09/13/2023,$174.21,84267930,$176.51,$177.30,$173.98,1001
09/12/2023,$176.30,90370190,$179.49,$180.13,$174.82,1000
09/11/2023,$179.36,58953050,$180.07,$180.30,$177.34,999
09/08/2023,$178.18,65602070,$178.35,$180.24,$177.79,998
09/07/2023,$177.56,112488800,$175.18,$178.21,$173.54,997
09/06/2023,$182.91,81755820,$188.40,$188.85,$181.47,996
09/05/2023,$189.70,45280030,$188.28,$189.98,$187.61,995
09/01/2023,$189.46,45766500,$189.49,$189.92,$188.28,994
08/31/2023,$187.87,60794470,$187.84,$189.12,$187.48,993
08/30/2023,$187.65,60813890,$184.94,$187.85,$184.74,992
08/29/2023,$184.12,53003950,$179.70,$184.90,$179.50,991
08/28/2023,$180.19,43820700,$180.09,$180.59,$178.55,990
08/25/2023,$178.61,51449590,$177.38,$179.15,$175.82,989
08/24/2023,$176.38,54945800,$180.67,$181.10,$176.01,988
08/23/2023,$181.12,52722750,$178.52,$181.55,$178.33,987
08/22/2023,$177.23,42084250,$177.06,$177.68,$176.25,986
08/21/2023,$175.84,46311880,$175.07,$176.13,$173.74,985
08/18/2023,$174.49,61172150,$172.30,$175.10,$171.96,984
08/17/2023,$174.00,66062880,$177.14,$177.51,$173.48,983
08/16/2023,$176.57,46964860,$177.13,$178.54,$176.50,982
08/15/2023,$177.45,43622590,$178.88,$179.48,$177.05,981
08/14/2023,$179.46,43675630,$177.97,$179.69,$177.31,980
08/11/2023,$177.79,52036670,$177.32,$178.62,$176.55,979
08/10/2023,$177.97,54686850,$179.48,$180.75,$177.60,978
08/09/2023,$178.19,60378490,$180.87,$180.93,$177.01,977
08/08/2023,$179.80,67823000,$179.69,$180.27,$177.58,976
08/07/2023,$178.85,97576070,$182.13,$183.13,$177.35,975
08/04/2023,$181.99,115956800,$185.52,$187.38,$181.92,974
08/03/2023,$191.17,62243280,$191.57,$192.37,$190.69,973
08/02/2023,$192.58,50389330,$195.04,$195.18,$191.85,972
08/01/2023,$195.61,35281430,$196.24,$196.73,$195.28,971
07/31/2023,$196.45,38824110,$196.06,$196.49,$195.26,970
07/28/2023,$195.83,48291440,$194.67,$196.63,$194.14,969
07/27/2023,$193.22,47460180,$196.02,$197.20,$192.55,968
07/26/2023,$194.50,47471870,$193.67,$195.64,$193.32,967
07/25/2023,$193.62,37283200,$193.33,$194.44,$192.92,966
07/24/2023,$192.75,45505100,$193.41,$194.91,$192.25,965
07/21/2023,$191.94,71951680,$194.10,$194.97,$191.23,964
07/20/2023,$193.13,59581200,$195.09,$196.47,$192.50,963
07/19/2023,$195.10,80507320,$193.10,$198.23,$192.65,962
07/18/2023,$193.73,48353770,$193.35,$194.33,$192.42,961
07/17/2023,$193.99,50520160,$191.90,$194.32,$191.81,960
07/14/2023,$190.69,41616240,$190.23,$191.18,$189.63,959
07/13/2023,$190.54,41342340,$190.50,$191.19,$189.78,958
07/12/2023,$189.77,60750250,$189.68,$191.70,$188.47,957
07/11/2023,$188.08,46638120,$189.16,$189.30,$186.60,956
07/10/2023,$188.61,59922160,$189.26,$189.99,$187.04,955
07/07/2023,$190.68,46815000,$191.41,$192.67,$190.24,954
07/06/2023,$191.81,45156010,$189.84,$192.02,$189.20,953
07/05/2023,$191.33,46920260,$191.57,$192.98,$190.62,952
07/03/2023,$192.46,31346600,$193.78,$193.88,$191.76,951
06/30/2023,$193.97,85213220,$191.63,$194.48,$191.26,950
06/29/2023,$189.59,46347310,$189.08,$190.07,$188.94,949
06/28/2023,$189.25,51216800,$187.93,$189.90,$187.60,948
06/27/2023,$188.06,50730850,$185.89,$188.39,$185.67,947
06/26/2023,$185.27,48088660,$186.83,$188.05,$185.23,946
06/23/2023,$186.68,53117000,$185.55,$187.56,$185.01,945
06/22/2023,$187.00,51245330,$183.74,$187.05,$183.67,944
06/21/2023,$183.96,49515700,$184.90,$185.41,$182.59,943
06/20/2023,$185.01,49799090,$184.41,$186.10,$184.41,942
06/16/2023,$184.92,101256200,$186.73,$186.99,$184.27,941
06/15/2023,$186.01,65433170,$183.96,$186.52,$183.78,940
06/14/2023,$183.95,57462880,$183.37,$184.39,$182.02,939
06/13/2023,$183.31,54929130,$182.80,$184.15,$182.44,938
06/12/2023,$183.79,54755000,$181.27,$183.89,$180.97,937
06/09/2023,$180.96,48899970,$181.50,$182.23,$180.63,936
06/08/2023,$180.57,50214880,$177.90,$180.84,$177.46,935
06/07/2023,$177.82,61944620,$178.44,$181.21,$177.32,934
06/06/2023,$179.21,64848370,$179.97,$180.12,$177.43,933
06/05/2023,$179.58,121946500,$182.63,$184.95,$178.04,932
06/02/2023,$180.95,61996910,$181.03,$181.78,$179.26,931
06/01/2023,$180.09,68901810,$177.70,$180.12,$176.93,930
05/31/2023,$177.25,99625290,$177.33,$179.35,$176.76,929
05/30/2023,$177.30,55964400,$176.96,$178.99,$176.57,928
05/26/2023,$175.43,54834980,$173.32,$175.77,$173.11,927
05/25/2023,$172.99,56058260,$172.41,$173.90,$171.69,926
05/24/2023,$171.84,45143490,$171.09,$172.42,$170.52,925
05/23/2023,$171.56,50747260,$173.13,$173.38,$171.28,924
05/22/2023,$174.20,43570930,$173.98,$174.71,$173.45,923
05/19/2023,$175.16,55809480,$176.39,$176.39,$174.94,922
05/18/2023,$175.05,65496660,$173.00,$175.24,$172.58,921
05/17/2023,$172.69,57951600,$171.71,$172.93,$170.42,920
05/16/2023,$172.07,42110290,$171.99,$173.14,$171.80,919
05/15/2023,$172.07,37266660,$173.16,$173.21,$171.47,918
05/12/2023,$172.57,45533140,$173.62,$174.06,$171.00,917
05/11/2023,$173.75,49514680,$173.85,$174.59,$172.17,916
05/10/2023,$173.56,53724500,$173.02,$174.03,$171.90,915
05/09/2023,$171.77,45326870,$173.05,$173.54,$171.60,914
05/08/2023,$173.50,55962790,$172.48,$173.85,$172.11,913
05/05/2023,$173.57,113453200,$170.98,$174.30,$170.76,912
05/04/2023,$165.79,81235430,$164.89,$167.04,$164.31,911
05/03/2023,$167.45,65136020,$169.50,$170.92,$167.16,910
05/02/2023,$168.54,48425700,$170.09,$170.35,$167.54,909
05/01/2023,$169.59,52472940,$169.28,$170.45,$168.64,908
04/28/2023,$169.68,55275850,$168.49,$169.85,$167.88,907
04/27/2023,$168.41,64902330,$165.19,$168.56,$165.19,906
04/26/2023,$163.76,45498800,$163.06,$165.28,$162.80,905
04/25/2023,$163.77,48714060,$165.19,$166.31,$163.73,904
04/24/2023,$165.33,41949580,$165.00,$165.60,$163.89,903
04/21/2023,$165.02,58337340,$165.05,$166.45,$164.49,902
04/20/2023,$166.65,52456380,$166.09,$167.87,$165.56,901
04/19/2023,$167.63,47720170,$165.80,$168.16,$165.54,900
04/18/2023,$166.47,49923010,$166.10,$167.41,$165.65,899
04/17/2023,$165.23,41516220,$165.09,$165.39,$164.03,898
04/14/2023,$165.21,49386480,$164.59,$166.32,$163.82,897
04/13/2023,$165.56,68445650,$161.63,$165.80,$161.42,896
04/12/2023,$160.10,50133060,$161.22,$162.06,$159.78,895
04/11/2023,$160.80,47644220,$162.35,$162.36,$160.51,894
04/10/2023,$162.03,47716880,$161.42,$162.03,$160.08,893
04/06/2023,$164.66,45390120,$162.43,$164.96,$162.00,892
04/05/2023,$163.76,51511740,$164.74,$165.05,$161.80,891
04/04/2023,$165.63,46278300,$166.60,$166.84,$165.11,890
04/03/2023,$166.17,56976190,$164.27,$166.29,$164.22,889
03/31/2023,$164.90,68749790,$162.44,$165.00,$161.91,888
03/30/2023,$162.36,49501690,$161.53,$162.47,$161.27,887
03/29/2023,$160.77,51305690,$159.37,$161.05,$159.35,886
03/28/2023,$157.65,45992150,$157.97,$158.49,$155.98,885
03/27/2023,$158.28,52390270,$159.94,$160.77,$157.87,884
03/24/2023,$160.25,59256340,$158.86,$160.34,$157.85,883
03/23/2023,$158.93,67622060,$158.83,$161.55,$157.68,882
03/22/2023,$157.83,75701810,$159.30,$162.14,$157.81,881
03/21/2023,$159.28,73938290,$157.32,$159.40,$156.54,880
03/20/2023,$157.40,73641420,$155.07,$157.82,$154.15,879
03/17/2023,$155.00,98944630,$156.08,$156.74,$154.28,878
03/16/2023,$155.85,76254420,$152.16,$156.46,$151.64,877
03/15/2023,$152.99,77167870,$151.19,$153.25,$149.92,876
03/14/2023,$152.59,73695890,$151.28,$153.40,$150.10,875
03/13/2023,$150.47,84457120,$147.81,$153.14,$147.70,874
03/10/2023,$148.50,68572400,$150.21,$150.94,$147.61,873
03/09/2023,$150.59,53833580,$153.56,$154.54,$150.23,872
03/08/2023,$152.87,47204790,$152.81,$153.47,$151.83,871
03/07/2023,$151.60,56182030,$153.70,$154.03,$151.13,870
03/06/2023,$153.83,87558030,$153.79,$156.30,$153.46,869
03/03/2023,$151.03,70732300,$148.05,$151.11,$147.33,868
03/02/2023,$145.91,52279760,$144.38,$146.71,$143.90,867
03/01/2023,$145.31,55478990,$146.83,$147.23,$145.01,866
02/28/2023,$147.41,50547000,$147.05,$149.08,$146.83,865
02/27/2023,$147.92,44998470,$147.71,$149.17,$147.45,864
02/24/2023,$146.71,55469610,$147.11,$147.19,$145.72,863
02/23/2023,$149.40,48394250,$150.09,$150.34,$147.24,862
02/22/2023,$148.91,51011310,$148.87,$149.95,$147.16,861
02/21/2023,$148.48,58867230,$150.20,$151.30,$148.41,860
02/17/2023,$152.55,59144120,$152.35,$153.00,$150.85,859
02/16/2023,$153.71,68167940,$153.51,$156.33,$153.35,858
02/15/2023,$155.33,65669250,$153.11,$155.50,$152.88,857
02/14/2023,$153.20,61707570,$152.12,$153.77,$150.86,856
02/13/2023,$153.85,62199010,$150.95,$154.26,$150.92,855
02/10/2023,$151.01,57450710,$149.46,$151.34,$149.22,854
02/09/2023,$150.87,56007140,$153.78,$154.33,$150.42,853
02/08/2023,$151.92,64120080,$153.88,$154.58,$151.17,852
02/07/2023,$154.65,83322550,$150.64,$155.23,$150.64,851
02/06/2023,$151.73,69858310,$152.58,$153.10,$150.78,850
02/03/2023,$154.50,154357300,$148.03,$157.38,$147.83,849
02/02/2023,$150.82,118339000,$148.90,$151.18,$148.17,848
02/01/2023,$145.43,77663630,$143.97,$146.61,$141.32,847
01/31/2023,$144.29,65874460,$142.70,$144.34,$142.28,846
01/30/2023,$143.00,64015270,$144.96,$145.55,$142.85,845
01/27/2023,$145.93,70555840,$143.16,$147.23,$143.08,844
01/26/2023,$143.96,54105070,$143.17,$144.25,$141.90,843
01/25/2023,$141.86,65799350,$140.89,$142.43,$138.81,842
01/24/2023,$142.53,66435140,$140.31,$143.16,$140.30,841
01/23/2023,$141.11,81760310,$138.12,$143.32,$137.90,840
01/20/2023,$137.87,80223630,$135.28,$138.02,$134.22,839
01/19/2023,$135.27,58280410,$134.08,$136.25,$133.77,838
01/18/2023,$135.21,69672800,$136.82,$138.61,$135.03,837
01/17/2023,$135.94,63646630,$134.83,$137.29,$134.13,836
01/13/2023,$134.76,57809720,$132.03,$134.92,$131.66,835
01/12/2023,$133.41,71379650,$133.88,$134.26,$131.44,834
01/11/2023,$133.49,69458950,$131.25,$133.51,$130.46,833
01/10/2023,$130.73,63896160,$130.26,$131.26,$128.12,832
01/09/2023,$130.15,70790810,$130.47,$133.41,$129.89,831
01/06/2023,$129.62,87754720,$126.01,$130.29,$124.89,830
01/05/2023,$125.02,80962710,$127.13,$127.77,$124.76,829
01/04/2023,$126.36,89113630,$126.89,$128.66,$125.08,828
01/03/2023,$125.07,112117500,$130.28,$130.90,$124.17,827
12/30/2022,$129.93,77034210,$128.41,$129.95,$127.43,826
12/29/2022,$129.61,75703710,$127.99,$130.48,$127.73,825
12/28/2022,$126.04,85438390,$129.67,$131.03,$125.87,824
12/27/2022,$130.03,69007830,$131.38,$131.41,$128.72,823
12/23/2022,$131.86,63814890,$130.92,$132.42,$129.64,822
12/22/2022,$132.23,77852110,$134.35,$134.56,$130.30,821
12/21/2022,$135.45,85927990,$132.98,$136.81,$132.75,820
12/20/2022,$132.30,77432820,$131.39,$133.25,$129.89,819
12/19/2022,$132.37,79592610,$135.11,$135.20,$131.32,818
12/16/2022,$134.51,160156900,$136.69,$137.65,$133.73,817
12/15/2022,$136.50,98931910,$141.11,$141.80,$136.03,816
12/14/2022,$143.21,82291180,$145.35,$146.66,$141.16,815
12/13/2022,$145.47,93886160,$149.50,$149.97,$144.24,814
12/12/2022,$144.49,70462650,$142.70,$144.50,$141.06,813
12/09/2022,$142.16,76097010,$142.34,$145.57,$140.90,812
12/08/2022,$142.65,62128340,$142.36,$143.52,$141.10,811
12/07/2022,$140.94,69721090,$142.19,$143.37,$140.00,810
12/06/2022,$142.91,64727190,$147.08,$147.30,$141.92,809
12/05/2022,$146.63,68826440,$147.77,$150.92,$145.77,808
12/02/2022,$147.81,65447450,$145.96,$148.00,$145.65,807
12/01/2022,$148.31,71250420,$148.21,$149.13,$146.61,806
11/30/2022,$148.03,111380900,$141.40,$148.72,$140.55,805
11/29/2022,$141.17,83763800,$144.29,$144.81,$140.36,804
11/28/2022,$144.22,69346520,$145.14,$146.64,$143.38,803
11/25/2022,$148.11,35195860,$148.31,$148.88,$147.12,802
11/23/2022,$151.07,58301400,$149.45,$151.83,$149.34,801
11/22/2022,$150.18,51804130,$148.13,$150.42,$146.93,800
11/21/2022,$148.01,58724070,$150.16,$150.37,$147.72,799
11/18/2022,$151.29,74829570,$152.31,$152.70,$149.97,798
11/17/2022,$150.72,80389400,$146.43,$151.48,$146.15,797
11/16/2022,$148.79,64218270,$149.13,$149.87,$147.29,796
11/15/2022,$150.04,89868330,$152.22,$153.59,$148.56,795
11/14/2022,$148.28,73374110,$148.97,$150.28,$147.43,794
11/11/2022,$149.70,93979670,$145.82,$150.01,$144.37,793
11/10/2022,$146.87,118854000,$141.24,$146.87,$139.50,792
11/09/2022,$134.87,74917790,$138.50,$138.55,$134.59,791
11/08/2022,$139.50,89908480,$140.41,$141.43,$137.49,790
11/07/2022,$138.92,83374630,$137.11,$139.15,$135.67,789
11/04/2022,$138.38,140814800,$142.09,$142.67,$134.38,788
11/03/2022,$138.88,97918520,$142.06,$142.80,$138.75,787
11/02/2022,$145.03,93604620,$148.95,$152.17,$145.00,786
11/01/2022,$150.65,80379350,$155.08,$155.45,$149.13,785
10/31/2022,$153.34,97943170,$153.16,$154.24,$151.92,784
10/28/2022,$155.74,164762400,$148.20,$157.50,$147.82,783
10/27/2022,$144.80,109180200,$148.07,$149.05,$144.13,782
10/26/2022,$149.35,88436170,$150.96,$151.99,$148.04,781
10/25/2022,$152.34,74732290,$150.09,$152.49,$149.36,780
10/24/2022,$149.45,75981920,$147.19,$150.23,$146.00,779
10/21/2022,$147.27,86548610,$142.87,$147.85,$142.65,778
10/20/2022,$143.39,64521990,$143.02,$145.89,$142.65,777
10/19/2022,$143.86,61758340,$141.69,$144.95,$141.50,776
10/18/2022,$143.75,99136610,$145.49,$146.70,$140.61,775
10/17/2022,$142.41,85250940,$141.07,$142.90,$140.27,774
10/14/2022,$138.38,88597970,$144.31,$144.52,$138.19,773
10/13/2022,$142.99,113224000,$134.99,$143.59,$134.37,772
10/12/2022,$138.34,70433740,$139.13,$140.36,$138.16,771
10/11/2022,$138.98,77033670,$139.90,$141.35,$138.22,770
10/10/2022,$140.42,74899000,$140.42,$141.89,$138.57,769
10/07/2022,$140.09,85925560,$142.54,$143.10,$139.45,768
10/06/2022,$145.43,68402170,$145.81,$147.54,$145.22,767
10/05/2022,$146.40,79470970,$144.08,$147.38,$143.01,766
10/04/2022,$146.10,87830060,$145.03,$146.22,$144.26,765
10/03/2022,$142.45,114311700,$138.21,$143.07,$137.69,764
09/30/2022,$138.20,124925300,$141.28,$143.10,$138.00,763
09/29/2022,$142.48,128138200,$146.10,$146.72,$140.68,762
09/28/2022,$149.84,146691400,$147.64,$150.64,$144.84,761
09/27/2022,$151.76,84442740,$152.74,$154.72,$149.95,760
09/26/2022,$150.77,93339410,$149.66,$153.77,$149.64,759
09/23/2022,$150.43,96029910,$151.19,$151.47,$148.56,758
09/22/2022,$152.74,86652540,$152.38,$154.47,$150.91,757
09/21/2022,$153.72,101696800,$157.34,$158.74,$153.60,756
09/20/2022,$156.90,107689800,$153.40,$158.08,$153.08,755
09/19/2022,$154.48,81474250,$149.31,$154.56,$149.10,754
09/16/2022,$150.70,162278800,$151.21,$151.35,$148.37,753
09/15/2022,$152.37,90481110,$154.65,$155.24,$151.38,752
09/14/2022,$155.31,87965410,$154.79,$157.10,$153.61,751
09/13/2022,$153.84,122656600,$159.90,$160.54,$153.37,750
09/12/2022,$163.43,104956000,$159.59,$164.26,$159.30,749
09/09/2022,$157.37,68081010,$155.47,$157.82,$154.75,748
09/08/2022,$154.46,84923850,$154.64,$156.36,$152.68,747
09/07/2022,$155.96,87449570,$154.83,$156.67,$153.61,746
09/06/2022,$154.53,73714840,$156.47,$157.09,$153.69,745
09/02/2022,$155.81,76957770,$159.75,$160.36,$154.97,744
09/01/2022,$157.96,74229900,$156.64,$158.42,$154.67,743
08/31/2022,$157.22,87991090,$160.31,$160.58,$157.14,742
08/30/2022,$158.91,77906200,$162.13,$162.56,$157.72,741
08/29/2022,$161.38,73313950,$161.15,$162.90,$159.82,740
08/26/2022,$163.62,78960980,$170.57,$171.05,$163.56,739
08/25/2022,$170.03,51218210,$168.78,$170.14,$168.35,738
08/24/2022,$167.53,53841520,$167.32,$168.11,$166.25,737
08/23/2022,$167.23,54147080,$167.08,$168.71,$166.65,736
08/22/2022,$167.57,69026810,$169.69,$169.86,$167.14,735
08/19/2022,$171.52,70346300,$173.03,$173.74,$171.31,734
08/18/2022,$174.15,62290080,$173.75,$174.90,$173.12,733
08/17/2022,$174.55,79542040,$172.77,$176.15,$172.57,732
08/16/2022,$173.03,56377050,$172.78,$173.71,$171.66,731
08/15/2022,$173.19,54091690,$171.52,$173.39,$171.35,730
08/12/2022,$172.10,68039380,$169.82,$172.17,$169.40,729
08/11/2022,$168.49,57149160,$170.06,$170.99,$168.19,728
08/10/2022,$169.24,70170540,$167.68,$169.34,$166.90,727
08/09/2022,$164.92,63135500,$164.02,$165.82,$163.25,726
08/08/2022,$164.87,60362340,$166.37,$167.81,$164.20,725
08/05/2022,$165.35,56696990,$163.21,$165.85,$163.00,724
08/04/2022,$165.81,55474140,$166.01,$167.19,$164.43,723
08/03/2022,$166.13,82507490,$160.84,$166.59,$160.75,722
08/02/2022,$160.01,59907030,$160.10,$162.41,$159.63,721
08/01/2022,$161.51,67829380,$161.01,$163.59,$160.89,720
07/29/2022,$162.51,101786900,$161.24,$163.63,$159.50,719
07/28/2022,$157.35,81378730,$156.98,$157.64,$154.41,718
07/27/2022,$156.79,78620690,$152.58,$157.33,$152.16,717
07/26/2022,$151.60,55138690,$152.27,$153.09,$150.80,716
07/25/2022,$152.95,53623950,$154.01,$155.04,$152.28,715
07/22/2022,$154.09,66675410,$155.39,$156.28,$153.41,714
07/21/2022,$155.35,65086640,$154.50,$155.57,$151.94,713
07/20/2022,$153.04,64823410,$151.12,$153.72,$150.37,712
07/19/2022,$151.00,82982370,$147.92,$151.23,$146.91,711
07/18/2022,$147.07,81420870,$150.74,$151.57,$146.70,710
07/15/2022,$150.17,76259930,$149.78,$150.86,$148.20,709
07/14/2022,$148.47,78140740,$144.08,$148.95,$143.25,708
07/13/2022,$145.49,71185560,$142.99,$146.45,$142.12,707
07/12/2022,$145.86,77588760,$145.76,$148.45,$145.05,706
07/11/2022,$144.87,63305110,$145.67,$146.64,$143.78,705
07/08/2022,$147.04,64547800,$145.27,$147.55,$145.00,704
07/07/2022,$146.35,66253710,$143.29,$146.55,$143.28,703
07/06/2022,$142.92,74064250,$141.36,$144.12,$141.08,702
07/05/2022,$141.56,73429640,$137.77,$141.61,$136.93,701
07/01/2022,$138.93,71051550,$136.04,$139.04,$135.66,700
06/30/2022,$136.72,98964470,$137.25,$138.37,$133.77,699
06/29/2022,$139.23,66242410,$137.46,$140.67,$136.67,698
06/28/2022,$137.44,67315330,$142.13,$143.42,$137.33,697
06/27/2022,$141.66,70207910,$142.70,$143.49,$140.97,696
06/24/2022,$141.66,89116840,$139.90,$141.91,$139.77,695
06/23/2022,$138.27,72433770,$136.82,$138.59,$135.63,694
06/22/2022,$135.35,73409230,$134.79,$137.76,$133.91,693
06/21/2022,$135.87,81000490,$133.42,$137.06,$133.32,692
06/17/2022,$131.56,134520300,$130.07,$133.08,$129.81,691
06/16/2022,$130.06,107961500,$132.08,$132.39,$129.04,690
06/15/2022,$135.43,91532970,$134.29,$137.34,$132.16,689
06/14/2022,$132.76,84784330,$133.13,$133.89,$131.48,688
06/13/2022,$131.88,122207100,$132.87,$135.20,$131.44,687
06/10/2022,$137.13,91566640,$140.28,$140.76,$137.06,686
06/09/2022,$142.64,69472980,$147.08,$147.95,$142.53,685
06/08/2022,$147.96,53950200,$148.58,$149.87,$147.46,684
06/07/2022,$148.71,67808150,$144.35,$149.00,$144.10,683
06/06/2022,$146.14,71598380,$147.03,$148.57,$144.90,682
06/03/2022,$145.38,88570290,$146.90,$147.97,$144.46,681
06/02/2022,$151.21,72348060,$147.83,$151.27,$146.86,680
06/01/2022,$148.71,74286640,$149.90,$151.74,$147.68,679
05/31/2022,$148.84,103718400,$149.07,$150.66,$146.84,678
05/27/2022,$149.64,90978500,$145.39,$149.68,$145.26,677
05/26/2022,$143.78,90601550,$137.39,$144.34,$137.14,676
05/25/2022,$140.52,92482700,$138.43,$141.79,$138.34,675
05/24/2022,$140.36,104132700,$140.81,$141.97,$137.33,674
05/23/2022,$143.11,117726300,$137.79,$143.26,$137.65,673
05/20/2022,$137.59,137426100,$139.09,$140.70,$132.61,672
05/19/2022,$137.35,136095600,$139.88,$141.66,$136.60,671
05/18/2022,$140.82,109742900,$146.85,$147.36,$139.90,670
05/17/2022,$149.24,78336250,$148.86,$149.77,$146.68,669
05/16/2022,$145.54,86643780,$145.55,$147.52,$144.18,668
05/13/2022,$147.11,113990900,$144.59,$148.11,$143.11,667
05/12/2022,$142.56,182602000,$142.77,$146.20,$138.80,666
05/11/2022,$146.50,142689800,$153.50,$155.45,$145.81,665
05/10/2022,$154.51,115366700,$155.52,$156.74,$152.93,664
05/09/2022,$152.06,131577900,$154.93,$155.83,$151.49,663
05/06/2022,$157.28,116124600,$156.01,$159.44,$154.18,662
05/05/2022,$156.77,130525300,$163.85,$164.08,$154.95,661
05/04/2022,$166.02,108256500,$159.67,$166.48,$159.26,660
05/03/2022,$159.48,88966530,$158.15,$160.71,$156.32,659
05/02/2022,$157.96,123055300,$156.71,$158.23,$153.27,658
04/29/2022,$157.65,131747600,$161.84,$166.20,$157.25,657
04/28/2022,$163.64,130216800,$159.25,$164.52,$158.93,656
04/27/2022,$156.57,88063190,$155.91,$159.79,$155.38,655
04/26/2022,$156.80,95623240,$162.25,$162.34,$156.72,654
04/25/2022,$162.88,96046380,$161.12,$163.17,$158.46,653
04/22/2022,$161.79,84882420,$166.46,$167.87,$161.50,652
04/21/2022,$166.42,87227770,$168.91,$171.53,$165.91,651
04/20/2022,$167.23,67929810,$168.76,$168.88,$166.10,650
04/19/2022,$167.40,67723830,$165.02,$167.82,$163.91,649
04/18/2022,$165.07,69023940,$163.92,$166.60,$163.57,648
04/14/2022,$165.29,75329380,$170.62,$171.27,$165.04,647
04/13/2022,$170.40,70618930,$167.39,$171.04,$166.77,646
04/12/2022,$167.66,79265180,$168.02,$169.87,$166.64,645
04/11/2022,$165.75,72246710,$168.71,$169.03,$165.50,644
04/08/2022,$170.09,76575510,$171.78,$171.78,$169.20,643
04/07/2022,$172.14,77594650,$171.16,$173.36,$169.85,642
04/06/2022,$171.83,89058780,$172.36,$173.63,$170.13,641
04/05/2022,$175.06,73401790,$177.50,$178.30,$174.42,640
04/04/2022,$178.44,76545980,$174.57,$178.49,$174.44,639
04/01/2022,$174.31,78751330,$174.03,$174.88,$171.94,638
03/31/2022,$174.61,103049300,$177.84,$178.03,$174.40,637
03/30/2022,$177.77,92633150,$178.55,$179.61,$176.70,636
03/29/2022,$178.96,100589400,$176.69,$179.01,$176.34,635
03/28/2022,$175.60,90371920,$172.17,$175.73,$172.00,634
03/25/2022,$174.72,80546160,$173.88,$175.28,$172.75,633
03/24/2022,$174.07,90131420,$171.06,$174.14,$170.21,632
03/23/2022,$170.21,98062670,$167.99,$172.64,$167.65,631
03/22/2022,$168.82,81532010,$165.51,$169.42,$164.91,630
03/21/2022,$165.38,95811350,$163.51,$166.35,$163.02,629
03/18/2022,$163.98,123511700,$160.51,$164.48,$159.76,628
03/17/2022,$160.62,75615380,$158.61,$161.00,$157.63,627
03/16/2022,$159.59,102300200,$157.05,$160.00,$154.46,626
03/15/2022,$155.09,92964300,$150.90,$155.57,$150.38,625
03/14/2022,$150.62,108732100,$151.45,$154.12,$150.10,624
03/11/2022,$154.73,96970100,$158.93,$159.28,$154.50,623
03/10/2022,$158.52,105342000,$160.20,$160.39,$155.98,622
03/09/2022,$162.95,91454910,$161.48,$163.41,$159.41,621
03/08/2022,$157.44,131148300,$158.82,$162.88,$155.80,620
03/07/2022,$159.30,96418850,$163.36,$165.02,$159.04,619
03/04/2022,$163.17,83819590,$164.49,$165.55,$162.10,618
03/03/2022,$166.23,76678440,$168.47,$168.91,$165.55,617
03/02/2022,$166.56,79724750,$164.39,$167.36,$162.95,616
03/01/2022,$163.20,83474430,$164.70,$166.60,$161.97,615
02/28/2022,$165.12,95056630,$163.06,$165.42,$162.43,614
02/25/2022,$164.85,91974220,$163.84,$165.12,$160.87,613
02/24/2022,$162.74,141147500,$152.58,$162.85,$152.00,612
02/23/2022,$160.07,90009250,$165.54,$166.15,$159.75,611
02/22/2022,$164.32,91162760,$164.98,$166.69,$162.15,610
02/18/2022,$167.30,82772670,$169.82,$170.54,$166.19,609
02/17/2022,$168.88,69589340,$171.03,$171.91,$168.47,608
02/16/2022,$172.55,61177400,$171.85,$173.34,$170.05,607
02/15/2022,$172.79,64286320,$170.97,$172.95,$170.25,606
02/14/2022,$168.88,86185530,$167.37,$169.58,$166.56,605
02/11/2022,$168.64,98670690,$172.33,$173.08,$168.04,604
02/10/2022,$172.12,90865900,$174.14,$175.48,$171.55,603
02/09/2022,$176.28,71285040,$176.05,$176.65,$174.90,602
02/08/2022,$174.83,74829220,$171.73,$175.35,$171.43,601
02/07/2022,$171.66,77251200,$172.86,$173.95,$170.95,600
02/04/2022,$172.39,82465400,$171.68,$174.10,$170.68,599
02/03/2022,$172.90,89418070,$174.48,$176.24,$172.12,598
02/02/2022,$175.84,84914260,$174.75,$175.88,$173.33,597
02/01/2022,$174.61,86213910,$174.01,$174.84,$172.31,596
01/31/2022,$174.78,115541600,$170.16,$175.00,$169.51,595
01/28/2022,$170.33,179935700,$165.71,$170.35,$162.80,594
01/27/2022,$159.22,121954600,$162.45,$163.84,$158.28,593
01/26/2022,$159.69,108275300,$163.50,$164.39,$157.82,592
01/25/2022,$159.78,115798400,$158.98,$162.76,$157.02,591
01/24/2022,$161.62,162706700,$160.02,$162.30,$154.70,590
01/21/2022,$162.41,122848900,$164.42,$166.33,$162.30,589
01/20/2022,$164.51,91420520,$166.98,$169.68,$164.18,588
01/19/2022,$166.23,94814990,$170.00,$171.08,$165.94,587
01/18/2022,$169.80,91168730,$171.51,$172.54,$169.41,586
01/14/2022,$173.07,80440780,$171.34,$173.78,$171.09,585
01/13/2022,$172.19,84505760,$175.78,$176.62,$171.79,584
01/12/2022,$175.53,74805170,$176.12,$177.18,$174.82,583
01/11/2022,$175.08,76138310,$172.32,$175.18,$170.82,582
01/10/2022,$172.19,106765600,$169.08,$172.50,$168.17,581
01/07/2022,$172.17,86709150,$172.89,$174.14,$171.03,580
01/06/2022,$172.00,96903960,$172.70,$175.30,$171.64,579
01/05/2022,$174.92,94537600,$179.61,$180.17,$174.64,578
01/04/2022,$179.70,99310440,$182.63,$182.94,$179.12,577
01/03/2022,$182.01,104701200,$177.83,$182.88,$177.71,576
12/31/2021,$177.57,64062260,$178.09,$179.23,$177.26,575
12/30/2021,$178.20,59773010,$179.47,$180.57,$178.09,574
12/29/2021,$179.38,62348930,$179.33,$180.63,$178.14,573
12/28/2021,$179.29,79144340,$180.16,$181.33,$178.53,572
12/27/2021,$180.33,74919580,$177.09,$180.42,$177.07,571
12/23/2021,$176.28,68356570,$175.85,$176.85,$175.27,570
12/22/2021,$175.64,92135300,$173.04,$175.86,$172.15,569
12/21/2021,$172.99,91185910,$171.56,$173.20,$169.12,568
12/20/2021,$169.75,107499100,$168.28,$170.58,$167.46,567
12/17/2021,$171.14,195923400,$169.93,$173.47,$169.69,566
12/16/2021,$172.26,150185800,$179.28,$181.14,$170.75,565
12/15/2021,$179.30,131063300,$175.11,$179.50,$172.31,564
12/14/2021,$174.33,139380400,$175.25,$177.74,$172.21,563
12/13/2021,$175.74,153237000,$181.12,$182.13,$175.53,562
12/10/2021,$179.45,115402700,$175.21,$179.63,$174.69,561
12/09/2021,$174.56,108923700,$174.91,$176.75,$173.92,560
12/08/2021,$175.08,116998900,$172.13,$175.96,$170.70,559
12/07/2021,$171.18,120405400,$169.08,$171.58,$168.34,558
12/06/2021,$165.32,107497000,$164.29,$167.88,$164.28,557
12/03/2021,$161.84,118023100,$164.02,$164.96,$159.72,556
12/02/2021,$163.76,136739200,$158.74,$164.20,$157.80,555
12/01/2021,$164.77,152423000,$167.48,$170.30,$164.53,554
11/30/2021,$165.30,174048100,$159.99,$165.52,$159.92,553
11/29/2021,$160.24,88748220,$159.37,$161.19,$158.79,552
11/26/2021,$156.81,76959750,$159.57,$160.45,$156.36,551
11/24/2021,$161.94,69463620,$160.75,$162.14,$159.64,550
11/23/2021,$161.41,96041900,$161.12,$161.80,$159.06,549
11/22/2021,$161.02,117467900,$161.68,$165.70,$161.00,548
11/19/2021,$160.55,117305600,$157.65,$161.02,$156.53,547
11/18/2021,$157.87,137827700,$153.71,$158.67,$153.05,546
11/17/2021,$153.49,88807000,$151.00,$155.00,$150.99,545
11/16/2021,$151.00,59256210,$149.94,$151.49,$149.34,544
11/15/2021,$150.00,59222800,$150.37,$151.88,$149.43,543
11/12/2021,$149.99,63804010,$148.43,$150.40,$147.48,542
11/11/2021,$147.87,40999950,$148.96,$149.43,$147.68,541
11/10/2021,$147.92,65187090,$150.02,$150.13,$147.85,540
11/09/2021,$150.81,56787930,$150.20,$151.43,$150.06,539
11/08/2021,$150.44,55020870,$151.41,$151.57,$150.16,538
11/05/2021,$151.28,65463880,$151.89,$152.20,$150.06,537
11/04/2021,$150.96,60394620,$151.58,$152.43,$150.64,536
11/03/2021,$151.49,54511530,$150.39,$151.97,$149.82,535
11/02/2021,$150.02,69121990,$148.66,$151.57,$148.65,534
11/01/2021,$148.96,74588260,$148.99,$149.70,$147.80,533
10/29/2021,$149.80,124953200,$147.22,$149.94,$146.41,532
10/28/2021,$152.57,100077900,$149.82,$153.17,$149.72,531
10/27/2021,$148.85,56094930,$149.36,$149.73,$148.49,530
10/26/2021,$149.32,60893400,$149.33,$150.84,$149.01,529
10/25/2021,$148.64,50720560,$148.68,$149.37,$147.62,528
10/22/2021,$148.69,58883440,$149.69,$150.18,$148.64,527
10/21/2021,$149.48,61420990,$148.81,$149.64,$147.87,526
10/20/2021,$149.26,58418790,$148.70,$149.75,$148.12,525
10/19/2021,$148.76,76378890,$147.01,$149.17,$146.55,524
10/18/2021,$146.55,85589180,$143.45,$146.84,$143.16,523
10/15/2021,$144.84,67940330,$143.77,$144.90,$143.51,522
10/14/2021,$143.76,69907100,$142.11,$143.88,$141.51,521
10/13/2021,$140.91,78762720,$141.24,$141.40,$139.20,520
10/12/2021,$141.51,73035860,$143.23,$143.25,$141.04,519
10/11/2021,$142.81,64452220,$142.27,$144.81,$141.81,518
10/08/2021,$142.90,58773160,$144.03,$144.18,$142.56,517
10/07/2021,$143.29,61732660,$143.06,$144.22,$142.72,516
10/06/2021,$142.00,83221120,$139.47,$142.15,$138.37,515
10/05/2021,$141.11,80861060,$139.49,$142.24,$139.36,514
10/04/2021,$139.14,98322010,$141.76,$142.21,$138.27,513
10/01/2021,$142.65,94639580,$141.90,$142.92,$139.11,512
09/30/2021,$141.50,89056660,$143.66,$144.38,$141.28,511
09/29/2021,$142.83,74602040,$142.47,$144.45,$142.03,510
09/28/2021,$141.91,108972300,$143.25,$144.75,$141.69,509
09/27/2021,$145.37,74150730,$145.47,$145.96,$143.82,508
09/24/2021,$146.92,53477870,$145.66,$147.47,$145.56,507
09/23/2021,$146.83,64838170,$146.65,$147.08,$145.64,506
09/22/2021,$145.85,76404340,$144.45,$146.43,$143.70,505
09/21/2021,$143.43,75833960,$143.93,$144.60,$142.78,504
09/20/2021,$142.94,123478900,$143.80,$144.84,$141.27,503
09/17/2021,$146.06,129868800,$148.82,$148.82,$145.76,502
09/16/2021,$148.79,68034150,$148.44,$148.97,$147.22,501
09/15/2021,$149.03,83281320,$148.56,$149.44,$146.37,500
09/14/2021,$148.12,109296300,$150.35,$151.07,$146.91,499
09/13/2021,$149.55,102404300,$150.63,$151.42,$148.75,498
09/10/2021,$148.97,140893200,$155.00,$155.48,$148.70,497
09/09/2021,$154.07,57305730,$155.49,$156.11,$153.95,496
09/08/2021,$155.11,74420210,$156.98,$157.04,$153.98,495
09/07/2021,$156.69,82278260,$154.97,$157.26,$154.39,494
09/03/2021,$154.30,57866070,$153.76,$154.63,$153.09,493
09/02/2021,$153.65,71171320,$153.87,$154.72,$152.40,492
09/01/2021,$152.51,80313710,$152.83,$154.98,$152.34,491
08/31/2021,$151.83,86453120,$152.66,$152.80,$151.29,490
08/30/2021,$153.12,90956720,$149.00,$153.49,$148.61,489
08/27/2021,$148.60,55802390,$147.48,$148.75,$146.83,488
08/26/2021,$147.54,48597200,$148.35,$149.12,$147.51,487
08/25/2021,$148.36,58991300,$149.81,$150.32,$147.80,486
08/24/2021,$149.62,48606430,$149.45,$150.86,$149.15,485
08/23/2021,$149.71,60131810,$148.31,$150.19,$147.89,484
08/20/2021,$148.19,60549630,$147.44,$148.50,$146.78,483
08/19/2021,$146.70,86960310,$145.03,$148.00,$144.50,482
08/18/2021,$146.36,86325990,$149.80,$150.72,$146.15,481
08/17/2021,$150.19,92229740,$150.23,$151.68,$149.09,480
08/16/2021,$151.12,103558800,$148.54,$151.19,$146.47,479
08/13/2021,$149.10,59375010,$148.97,$149.44,$148.27,478
08/12/2021,$148.89,73779110,$146.19,$149.05,$145.84,477
08/11/2021,$145.86,48493460,$146.05,$146.72,$145.53,476
08/10/2021,$145.60,69023080,$146.44,$147.71,$145.30,475
08/09/2021,$146.09,48908690,$146.20,$146.70,$145.52,474
08/06/2021,$146.14,54126810,$146.35,$147.11,$145.63,473
08/05/2021,$147.06,46397670,$146.98,$147.84,$146.17,472
08/04/2021,$146.95,56368270,$147.27,$147.79,$146.28,471
08/03/2021,$147.36,64786620,$145.81,$148.05,$145.18,470
08/02/2021,$145.52,62879960,$146.36,$146.95,$145.25,469
07/30/2021,$145.86,70440630,$144.38,$146.33,$144.11,468
07/29/2021,$145.64,56699480,$144.69,$146.55,$144.58,467
07/28/2021,$144.98,118931200,$144.81,$146.97,$142.54,466
07/27/2021,$146.77,104818600,$149.12,$149.21,$145.55,465
07/26/2021,$148.99,72434090,$148.27,$149.83,$147.70,464
07/23/2021,$148.56,71447420,$147.55,$148.72,$146.92,463
07/22/2021,$146.80,77338160,$145.94,$148.20,$145.81,462
07/21/2021,$145.40,74993460,$145.53,$146.13,$144.63,461
07/20/2021,$146.15,96350040,$143.46,$147.10,$142.96,460
07/19/2021,$142.45,121434600,$143.75,$144.07,$141.67,459
07/16/2021,$146.39,93251430,$148.46,$149.76,$145.88,458
07/15/2021,$148.48,106820300,$149.24,$150.00,$147.09,457
07/14/2021,$149.15,127050800,$148.10,$149.57,$147.68,456
07/13/2021,$145.64,100827100,$144.03,$147.46,$143.63,455
07/12/2021,$144.50,76299720,$146.21,$146.32,$144.00,454
07/09/2021,$145.11,99890800,$142.75,$145.65,$142.65,453
07/08/2021,$143.24,105575500,$141.58,$144.06,$140.67,452
07/07/2021,$144.57,104911600,$143.54,$144.89,$142.66,451
07/06/2021,$142.02,108181800,$140.07,$143.15,$140.07,450
07/02/2021,$139.96,78945570,$137.90,$140.00,$137.75,449
07/01/2021,$137.27,52485780,$136.60,$137.33,$135.76,448
06/30/2021,$136.96,63261390,$136.17,$137.41,$135.87,447
06/29/2021,$136.33,64556080,$134.80,$136.49,$134.35,446
06/28/2021,$134.78,62111300,$133.41,$135.25,$133.35,445
06/25/2021,$133.11,70783750,$133.46,$133.89,$132.81,444
06/24/2021,$133.41,68711000,$134.45,$134.64,$132.93,443
06/23/2021,$133.70,60214200,$133.77,$134.32,$133.23,442
06/22/2021,$133.98,74783620,$132.13,$134.08,$131.62,441
06/21/2021,$132.30,79663320,$130.30,$132.41,$129.21,440
06/18/2021,$130.46,108953300,$130.71,$131.51,$130.24,439
06/17/2021,$131.79,96721670,$129.80,$132.55,$129.65,438
06/16/2021,$130.15,91815030,$130.37,$130.89,$128.46,437
06/15/2021,$129.64,62746330,$129.94,$130.60,$129.39,436
06/14/2021,$130.48,96906490,$127.82,$130.54,$127.07,435
06/11/2021,$127.35,53522370,$126.53,$127.44,$126.10,434
06/10/2021,$126.11,71186420,$127.02,$128.19,$125.94,433
06/09/2021,$127.13,56877940,$127.21,$127.75,$126.52,432
06/08/2021,$126.74,74403770,$126.60,$128.46,$126.21,431
06/07/2021,$125.90,71057550,$126.17,$126.32,$124.83,430
06/04/2021,$125.89,75169340,$124.07,$126.16,$123.85,429
06/03/2021,$123.54,76229170,$124.68,$124.85,$123.13,428
06/02/2021,$125.06,59278860,$124.28,$125.24,$124.05,427
06/01/2021,$124.28,67637120,$125.08,$125.35,$123.94,426
05/28/2021,$124.61,71311110,$125.57,$125.80,$124.55,425
05/27/2021,$125.28,94625600,$126.44,$127.64,$125.08,424
05/26/2021,$126.85,56575920,$126.96,$127.39,$126.42,423
05/25/2021,$126.90,72009480,$127.82,$128.32,$126.32,422
05/24/2021,$127.10,63092950,$126.01,$127.94,$125.94,421
05/21/2021,$125.43,79295440,$127.82,$128.00,$125.21,420
05/20/2021,$127.31,76857120,$125.23,$127.72,$125.10,419
05/19/2021,$124.69,92611990,$123.16,$124.92,$122.86,418
05/18/2021,$124.85,63342930,$126.56,$126.99,$124.78,417
05/17/2021,$126.27,74116550,$126.82,$126.93,$125.17,416
05/14/2021,$127.45,81917950,$126.25,$127.89,$125.85,415
05/13/2021,$124.97,105861300,$124.58,$126.15,$124.26,414
05/12/2021,$122.77,112172300,$123.40,$124.64,$122.25,413
05/11/2021,$125.91,126142800,$123.50,$126.27,$122.77,412
05/10/2021,$126.85,88071230,$129.41,$129.54,$126.81,411
05/07/2021,$130.21,78973270,$130.85,$131.26,$129.48,410
05/06/2021,$129.74,78128330,$127.89,$129.75,$127.13,409
05/05/2021,$128.10,84000900,$129.20,$130.45,$127.97,408
05/04/2021,$127.85,137564700,$131.19,$131.49,$126.70,407
05/03/2021,$132.54,75135100,$132.04,$134.07,$131.83,406
04/30/2021,$131.46,109839500,$131.78,$133.56,$131.07,405
04/29/2021,$133.48,151101000,$136.47,$137.07,$132.45,404
04/28/2021,$133.58,107760100,$134.31,$135.02,$133.08,403
04/27/2021,$134.39,66015800,$135.01,$135.41,$134.11,402
04/26/2021,$134.72,66905070,$134.83,$135.06,$133.56,401
04/23/2021,$134.32,78756780,$132.16,$135.12,$132.16,400
04/22/2021,$131.94,84566460,$133.04,$134.15,$131.41,399
04/21/2021,$133.50,68847140,$132.36,$133.75,$131.30,398
04/20/2021,$133.11,94812350,$135.02,$135.53,$131.81,397
04/19/2021,$134.84,94264220,$133.51,$135.47,$133.34,396
04/16/2021,$134.16,84922390,$134.30,$134.67,$133.28,395
04/15/2021,$134.50,89347100,$133.82,$135.00,$133.64,394
04/14/2021,$132.03,87222780,$134.94,$135.00,$131.66,393
04/13/2021,$134.43,91266550,$132.44,$134.66,$131.93,392
04/12/2021,$131.24,91419980,$132.52,$132.85,$130.63,391
04/09/2021,$133.00,106686700,$129.80,$133.04,$129.47,390
04/08/2021,$130.36,88844590,$128.95,$130.39,$128.52,389
04/07/2021,$127.90,83466720,$125.83,$127.92,$125.14,388
04/06/2021,$126.21,80171250,$126.50,$127.13,$125.65,387
04/05/2021,$125.90,88651180,$123.87,$126.16,$123.07,386
04/01/2021,$123.00,75089130,$123.66,$124.18,$122.49,385
03/31/2021,$122.15,118323800,$121.65,$123.52,$121.15,384
03/30/2021,$119.90,85671920,$120.11,$120.40,$118.86,383
03/29/2021,$121.39,80819200,$121.65,$122.58,$120.73,382
03/26/2021,$121.21,94071230,$120.35,$121.48,$118.92,381
03/25/2021,$120.59,98844680,$119.54,$121.66,$119.00,380
03/24/2021,$120.09,88530490,$122.82,$122.90,$120.07,379
03/23/2021,$122.54,95467140,$123.33,$124.24,$122.14,378
03/22/2021,$123.39,111912300,$120.33,$123.87,$120.26,377
03/19/2021,$119.99,185549500,$119.90,$121.43,$119.68,376
03/18/2021,$120.53,121469800,$122.88,$123.18,$120.32,375
03/17/2021,$124.76,111932600,$124.05,$125.86,$122.34,374
03/16/2021,$125.57,115227900,$125.70,$127.22,$124.72,373
03/15/2021,$123.99,92590560,$121.41,$124.00,$120.42,372
03/12/2021,$121.03,88105050,$120.40,$121.17,$119.16,371
03/11/2021,$121.96,103026500,$122.54,$123.21,$121.26,370
03/10/2021,$119.98,111943300,$121.69,$122.17,$119.45,369
03/09/2021,$121.09,129525800,$119.03,$122.06,$118.79,368
03/08/2021,$116.36,154376600,$120.93,$121.00,$116.21,367
03/05/2021,$121.42,153766600,$120.98,$121.94,$117.57,366
03/04/2021,$120.13,178155000,$121.75,$123.60,$118.62,365
03/03/2021,$122.06,112966300,$124.81,$125.71,$121.84,364
03/02/2021,$125.12,102260900,$128.41,$128.72,$125.01,363
03/01/2021,$127.79,116307900,$123.75,$127.93,$122.79,362
02/26/2021,$121.26,164560400,$122.59,$124.85,$121.20,361
02/25/2021,$120.99,148199500,$124.68,$126.46,$120.54,360
02/24/2021,$125.35,111039900,$124.94,$125.56,$122.23,359
02/23/2021,$125.86,158273000,$123.76,$126.71,$118.39,358
02/22/2021,$126.00,103916400,$128.01,$129.72,$125.60,357
02/19/2021,$129.87,87668830,$130.24,$130.71,$128.80,356
02/18/2021,$129.71,96856750,$129.20,$130.00,$127.41,355
02/17/2021,$130.84,98085250,$131.25,$132.22,$129.47,354
02/16/2021,$133.19,80576320,$135.49,$136.01,$132.79,353
02/12/2021,$135.37,60145130,$134.35,$135.53,$133.69,352
02/11/2021,$135.13,64280030,$135.90,$136.39,$133.77,351
02/10/2021,$135.39,73046560,$136.48,$136.99,$134.40,350
02/09/2021,$136.01,76774210,$136.62,$137.88,$135.85,349
02/08/2021,$136.91,71297210,$136.03,$136.96,$134.92,348
02/05/2021,$136.76,75693830,$137.35,$137.42,$135.86,347
02/04/2021,$137.39,84183060,$136.30,$137.40,$134.59,346
02/03/2021,$133.94,89880940,$135.76,$135.77,$133.61,345
02/02/2021,$134.99,83305370,$135.73,$136.31,$134.61,344
02/01/2021,$134.14,106239800,$133.75,$135.38,$130.93,343
01/29/2021,$131.96,177523800,$135.83,$136.74,$130.21,342
01/28/2021,$137.09,142621100,$139.52,$141.99,$136.70,341
01/27/2021,$142.06,140843800,$143.43,$144.30,$140.41,340
01/26/2021,$143.16,98390560,$143.60,$144.30,$141.37,339
01/25/2021,$142.92,157611700,$143.07,$145.09,$136.54,338
01/22/2021,$139.07,114459400,$136.28,$139.85,$135.02,337
01/21/2021,$136.87,120529500,$133.80,$139.67,$133.59,336
01/20/2021,$132.03,104319500,$128.66,$132.49,$128.55,335
01/19/2021,$127.83,90757330,$127.78,$128.71,$126.94,334
01/15/2021,$127.14,111598500,$128.78,$130.22,$127.00,333
01/14/2021,$128.91,90221760,$130.80,$131.00,$128.76,332
01/13/2021,$130.89,88636830,$128.76,$131.45,$128.49,331
01/12/2021,$128.80,91951150,$128.50,$129.69,$126.86,330
01/11/2021,$128.98,100620900,$129.19,$130.17,$128.50,329
01/08/2021,$132.05,105158200,$132.43,$132.63,$130.23,328
01/07/2021,$130.92,109578200,$128.36,$131.63,$127.86,327
01/06/2021,$126.60,155088000,$127.72,$131.05,$126.38,326
01/05/2021,$131.01,97664900,$128.89,$131.74,$128.43,325
01/04/2021,$129.41,143301900,$133.52,$133.61,$126.76,324
12/31/2020,$132.69,99116590,$134.08,$134.74,$131.72,323
12/30/2020,$133.72,96452120,$135.58,$135.99,$133.40,322
12/29/2020,$134.87,121047300,$138.05,$138.79,$134.34,321
12/28/2020,$136.69,124486200,$133.99,$137.34,$133.51,320
12/24/2020,$131.97,54930060,$131.32,$133.46,$131.10,319
12/23/2020,$130.96,88223690,$132.16,$132.43,$130.78,318
12/22/2020,$131.88,169351800,$131.61,$134.41,$129.65,317
12/21/2020,$128.23,121251600,$125.02,$128.31,$123.45,316
12/18/2020,$126.66,192541500,$128.96,$129.10,$126.12,315
12/17/2020,$128.70,94359810,$128.90,$129.58,$128.05,314
12/16/2020,$127.81,98208590,$127.41,$128.37,$126.56,313
12/15/2020,$127.88,157572300,$124.34,$127.90,$124.13,312
12/14/2020,$121.78,79075990,$122.60,$123.35,$121.54,311
12/11/2020,$122.41,86939790,$122.43,$122.76,$120.55,310
12/10/2020,$123.24,81312170,$120.50,$123.87,$120.15,309
12/09/2020,$121.78,115089200,$124.53,$125.95,$121.00,308
12/08/2020,$124.38,82225510,$124.37,$124.98,$123.09,307
12/07/2020,$123.75,86711990,$122.31,$124.57,$122.25,306
12/04/2020,$122.25,78260420,$122.60,$122.86,$121.52,305
12/03/2020,$122.94,78967630,$123.52,$123.78,$122.21,304
12/02/2020,$123.08,89004200,$122.02,$123.37,$120.89,303
12/01/2020,$122.72,128166800,$121.01,$123.47,$120.01,302
11/30/2020,$119.05,169410200,$116.97,$120.97,$116.81,301
11/27/2020,$116.59,46691330,$116.57,$117.49,$116.22,300
11/25/2020,$116.03,76499230,$115.55,$116.75,$115.17,299
11/24/2020,$115.17,113874200,$113.91,$115.85,$112.59,298
11/23/2020,$113.85,127959300,$117.18,$117.62,$113.75,297
11/20/2020,$117.34,73604290,$118.64,$118.77,$117.29,296
11/19/2020,$118.64,74112970,$117.59,$119.06,$116.81,295
11/18/2020,$118.03,76322110,$118.61,$119.82,$118.00,294
11/17/2020,$119.39,74270970,$119.55,$120.67,$118.96,293
11/16/2020,$120.30,91183020,$118.92,$120.99,$118.15,292
11/13/2020,$119.26,81688590,$119.44,$119.67,$117.87,291
11/12/2020,$119.21,103350700,$119.62,$120.53,$118.57,290
11/11/2020,$119.49,112295000,$117.19,$119.63,$116.44,289
11/10/2020,$115.97,138023400,$115.55,$117.59,$114.13,288
11/09/2020,$116.32,154515300,$120.50,$121.99,$116.05,287
11/06/2020,$118.69,114457900,$118.32,$119.20,$116.13,286
11/05/2020,$119.03,126387100,$117.95,$119.62,$116.87,285
11/04/2020,$114.95,138235500,$114.14,$115.59,$112.35,284
11/03/2020,$110.44,107624400,$109.66,$111.49,$108.73,283
11/02/2020,$108.77,122866900,$109.11,$110.68,$107.32,282
10/30/2020,$108.86,190573500,$111.06,$111.99,$107.72,281
10/29/2020,$115.32,146129200,$112.37,$116.93,$112.20,280
10/28/2020,$111.20,143937800,$115.05,$115.43,$111.10,279
10/27/2020,$116.60,92276770,$115.49,$117.28,$114.54,278
10/26/2020,$115.05,111850700,$114.01,$116.55,$112.88,277
10/23/2020,$115.04,82572650,$116.39,$116.55,$114.28,276
10/22/2020,$115.75,101988000,$117.45,$118.04,$114.59,275
10/21/2020,$116.87,89945980,$116.67,$118.71,$116.45,274
10/20/2020,$117.51,124423700,$116.20,$118.98,$115.63,273
10/19/2020,$115.98,120639300,$119.96,$120.42,$115.66,272
10/16/2020,$119.02,115393800,$121.28,$121.55,$118.81,271
10/15/2020,$120.71,112559200,$118.72,$121.20,$118.15,270
10/14/2020,$121.19,151062300,$121.00,$123.03,$119.62,269
10/13/2020,$121.10,262330500,$125.27,$125.39,$119.65,268
10/12/2020,$124.40,240226800,$120.06,$125.18,$119.28,267
10/09/2020,$116.97,100506900,$115.28,$117.00,$114.92,266
10/08/2020,$114.97,83477150,$116.25,$116.40,$114.59,265
10/07/2020,$115.08,96848990,$114.62,$115.55,$114.13,264
10/06/2020,$113.16,161498200,$115.70,$116.12,$112.25,263
10/05/2020,$116.50,106243800,$113.91,$116.65,$113.55,262
10/02/2020,$113.02,144712000,$112.89,$115.37,$112.22,261
10/01/2020,$116.79,116120400,$117.64,$117.72,$115.83,260
09/30/2020,$115.81,142675200,$113.79,$117.26,$113.62,259
09/29/2020,$114.09,100060500,$114.55,$115.31,$113.57,258
09/28/2020,$114.96,137672400,$115.01,$115.32,$112.78,257
09/25/2020,$112.28,149981400,$108.43,$112.44,$107.67,256
09/24/2020,$108.22,167743300,$105.17,$110.25,$105.00,255
09/23/2020,$107.12,150718700,$111.62,$112.11,$106.77,254
09/22/2020,$111.81,183055400,$112.68,$112.86,$109.16,253
09/21/2020,$110.08,195713800,$104.54,$110.19,$103.10,252
09/18/2020,$106.84,287104900,$110.40,$110.88,$106.09,251
09/17/2020,$110.34,178011000,$109.72,$112.20,$108.71,250
09/16/2020,$112.13,155026700,$115.23,$116.00,$112.04,249
09/15/2020,$115.54,184642000,$118.33,$118.83,$113.61,248
09/14/2020,$115.36,140150100,$114.72,$115.93,$112.80,247
09/11/2020,$112.00,180860300,$114.57,$115.23,$110.00,246
09/10/2020,$113.49,182274400,$120.36,$120.50,$112.50,245
09/09/2020,$117.32,176940500,$117.26,$119.14,$115.26,244
09/08/2020,$112.82,231366600,$113.95,$118.99,$112.68,243
09/04/2020,$120.96,332607200,$120.07,$123.70,$110.89,242
09/03/2020,$120.88,257599600,$126.91,$128.84,$120.50,241
09/02/2020,$131.40,200119000,$137.59,$137.98,$127.00,240
09/01/2020,$134.18,152470100,$132.76,$134.80,$130.53,239
08/31/2020,$129.04,225702700,$127.58,$131.00,$126.00,238
08/28/2020,$124.81,187629920,$126.01,$126.44,$124.58,237
08/27/2020,$125.01,155552400,$127.14,$127.49,$123.83,236
08/26/2020,$126.52,163022280,$126.18,$126.99,$125.08,235
08/25/2020,$124.83,211495800,$124.70,$125.18,$123.05,234
08/24/2020,$125.86,345937760,$128.70,$128.79,$123.94,233
08/21/2020,$124.37,338054640,$119.26,$124.87,$119.25,232
08/20/2020,$118.28,126907200,$115.75,$118.39,$115.73,231
08/19/2020,$115.71,145538000,$115.98,$117.16,$115.61,230
08/18/2020,$115.56,105633560,$114.35,$116.00,$114.01,229
08/17/2020,$114.61,119561440,$116.06,$116.09,$113.96,228
08/14/2020,$114.91,165565200,$114.83,$115.00,$113.05,227
08/13/2020,$115.01,210082080,$114.43,$116.04,$113.93,226
08/12/2020,$113.01,165944840,$110.50,$113.28,$110.30,225
08/11/2020,$109.38,187902360,$111.97,$112.48,$109.11,224
08/10/2020,$112.73,212403440,$112.60,$113.78,$110.00,223
08/07/2020,$111.11,198045600,$113.21,$113.68,$110.29,222
08/06/2020,$113.90,202428920,$110.41,$114.41,$109.80,221
08/05/2020,$110.06,121991960,$109.38,$110.39,$108.90,220
08/04/2020,$109.67,172792360,$109.13,$110.79,$108.39,219
08/03/2020,$108.94,308151400,$108.20,$111.64,$107.89,218
07/31/2020,$106.26,374295480,$102.88,$106.42,$100.83,217
07/30/2020,$96.19,158130040,$94.19,$96.30,$93.77,216
07/29/2020,$95.04,90329240,$93.75,$95.23,$93.71,215
07/28/2020,$93.25,103625520,$94.37,$94.55,$93.25,214
07/27/2020,$94.81,121214200,$93.71,$94.91,$93.48,213
07/24/2020,$92.62,185438880,$90.99,$92.97,$89.15,212
07/23/2020,$92.85,197004440,$97.00,$97.08,$92.01,211
07/22/2020,$97.27,89001640,$96.69,$97.98,$96.60,210
07/21/2020,$97.00,103645840,$99.17,$99.25,$96.74,209
07/20/2020,$98.36,90317920,$96.42,$98.50,$96.06,208
07/17/2020,$96.33,92186920,$96.99,$97.15,$95.84,207
07/16/2020,$96.52,110577680,$96.56,$97.41,$95.91,206
07/15/2020,$97.73,153197920,$98.99,$99.25,$96.49,205
07/14/2020,$97.06,170989360,$94.84,$97.26,$93.88,204
07/13/2020,$95.48,191649160,$97.27,$99.96,$95.26,203
07/10/2020,$95.92,90257320,$95.34,$95.98,$94.71,202
07/09/2020,$95.68,125642600,$96.26,$96.32,$94.67,201
07/08/2020,$95.34,117091880,$94.18,$95.38,$94.09,200
07/07/2020,$93.17,112424440,$93.85,$94.66,$93.06,199
07/06/2020,$93.46,118655640,$92.50,$93.95,$92.47,198
07/02/2020,$91.03,114041480,$91.96,$92.62,$90.91,197
07/01/2020,$91.03,110737240,$91.28,$91.84,$90.98,196
06/30/2020,$91.20,140223280,$90.02,$91.50,$90.00,195
06/29/2020,$90.45,130646080,$88.31,$90.54,$87.82,194
06/26/2020,$88.41,205256840,$91.10,$91.33,$88.26,193
06/25/2020,$91.21,137522520,$90.18,$91.25,$89.39,192
06/24/2020,$90.02,192623400,$91.25,$92.20,$89.63,191
06/23/2020,$91.63,212155480,$91.00,$93.10,$90.57,190
06/22/2020,$89.72,135445280,$87.84,$89.87,$87.79,189
06/19/2020,$87.43,264475800,$88.66,$89.14,$86.29,188
06/18/2020,$87.93,96820400,$87.85,$88.36,$87.31,187
06/17/2020,$87.90,114406520,$88.79,$88.85,$87.77,186
06/16/2020,$88.02,165428720,$87.87,$88.30,$86.18,185
06/15/2020,$85.75,138808920,$83.31,$86.42,$83.15,184
06/12/2020,$84.70,200146040,$86.18,$86.95,$83.56,183
06/11/2020,$83.98,201662440,$87.33,$87.77,$83.87,182
06/10/2020,$88.21,166651760,$86.98,$88.69,$86.52,181
06/09/2020,$86.00,147712360,$83.04,$86.40,$83.00,180
06/08/2020,$83.37,95654520,$82.56,$83.40,$81.83,179
06/05/2020,$82.88,137250200,$80.84,$82.94,$80.81,178
06/04/2020,$80.58,87560360,$81.10,$81.41,$80.20,177
06/03/2020,$81.28,104491200,$81.17,$81.55,$80.58,176
06/02/2020,$80.84,87642800,$80.19,$80.86,$79.73,175
06/01/2020,$80.46,81018600,$79.44,$80.59,$79.30,174
05/29/2020,$79.49,153598120,$79.81,$80.29,$79.12,173
05/28/2020,$79.56,133796400,$79.19,$80.86,$78.91,172
05/27/2020,$79.53,112945080,$79.04,$79.68,$78.27,171
05/26/2020,$79.18,125521800,$80.88,$81.06,$79.13,170
05/22/2020,$79.72,81803000,$78.94,$79.81,$78.84,169
05/21/2020,$79.21,102688840,$79.67,$80.22,$78.97,168
05/20/2020,$79.81,111504880,$79.17,$79.88,$79.05,167
05/19/2020,$78.29,101729560,$78.76,$79.63,$78.25,166
05/18/2020,$78.74,135372520,$78.29,$79.13,$77.58,165
05/15/2020,$76.93,166348360,$75.09,$76.98,$75.05,164
05/14/2020,$77.39,158929080,$76.13,$77.45,$75.38,163
05/13/2020,$76.91,200622560,$78.04,$78.99,$75.80,162
05/12/2020,$77.85,162301040,$79.46,$79.92,$77.73,161
05/11/2020,$78.75,145946240,$77.03,$79.26,$76.81,160
05/08/2020,$77.53,134047960,$76.41,$77.59,$76.07,159
05/07/2020,$75.94,115215040,$75.81,$76.29,$75.49,158
05/06/2020,$75.16,142333760,$75.12,$75.81,$74.72,157
05/05/2020,$74.39,147751200,$73.77,$75.25,$73.62,156
05/04/2020,$73.29,133567960,$72.29,$73.42,$71.58,155
05/01/2020,$72.27,240616720,$71.56,$74.75,$71.46,154
04/30/2020,$73.45,183063880,$72.49,$73.63,$72.09,153
04/29/2020,$71.93,137280800,$71.18,$72.42,$70.97,152
04/28/2020,$69.65,112004760,$71.27,$71.46,$69.55,151
04/27/2020,$70.79,117087560,$70.45,$71.14,$69.99,150
04/24/2020,$70.74,126508720,$69.30,$70.75,$69.25,149
04/23/2020,$68.76,124814320,$68.97,$70.44,$68.72,148
04/22/2020,$69.03,117057360,$68.40,$69.48,$68.05,147
04/21/2020,$67.09,180991560,$69.07,$69.31,$66.36,146
04/20/2020,$69.23,130015000,$69.49,$70.42,$69.21,145
04/17/2020,$70.70,215249920,$71.17,$71.74,$69.22,144
04/16/2020,$71.67,157125160,$71.85,$72.05,$70.59,143
04/15/2020,$71.11,131154560,$70.60,$71.58,$70.16,142
04/14/2020,$71.76,194994680,$70.00,$72.06,$69.51,141
04/13/2020,$68.31,131022920,$67.08,$68.43,$66.46,140
04/09/2020,$67.00,162116480,$67.18,$67.52,$66.18,139
04/08/2020,$66.52,168895280,$65.69,$66.84,$65.31,138
04/07/2020,$64.86,202887320,$67.70,$67.93,$64.75,137
04/06/2020,$65.62,201820280,$62.73,$65.78,$62.35,136
04/03/2020,$60.35,129880080,$60.70,$61.43,$59.74,135
04/02/2020,$61.23,165933960,$60.09,$61.29,$59.23,134
04/01/2020,$60.23,176218560,$61.63,$62.18,$59.78,133
03/31/2020,$63.57,197002000,$63.90,$65.62,$63.00,132
03/30/2020,$63.70,167976440,$62.69,$63.88,$62.35,131
03/27/2020,$61.94,204216600,$63.19,$63.97,$61.76,130
03/26/2020,$64.61,252560680,$61.63,$64.67,$61.59,129
03/25/2020,$61.38,303602040,$62.69,$64.56,$61.08,128
03/24/2020,$61.72,287531080,$59.09,$61.92,$58.58,127
03/23/2020,$56.09,336752840,$57.02,$57.12,$53.15,126
03/20/2020,$57.31,401693200,$61.80,$62.96,$57.00,125
03/19/2020,$61.20,271857040,$61.85,$63.21,$60.65,124
03/18/2020,$61.67,300233640,$59.94,$62.50,$59.28,123
03/17/2020,$63.22,324055880,$61.88,$64.40,$59.60,122
03/16/2020,$60.55,322423480,$60.49,$64.77,$60.00,121
03/13/2020,$69.49,370732120,$66.22,$69.98,$63.24,120
03/12/2020,$62.06,418474000,$63.99,$67.50,$62.00,119
03/11/2020,$68.86,256379880,$69.35,$70.31,$67.97,118
03/10/2020,$71.34,285290080,$69.29,$71.61,$67.34,117
03/09/2020,$66.54,286744840,$65.94,$69.52,$65.75,116
03/06/2020,$72.26,226177000,$70.50,$72.71,$70.31,115
03/05/2020,$73.23,187572880,$73.88,$74.89,$72.85,114
03/04/2020,$75.69,219178280,$74.11,$75.85,$73.28,113
03/03/2020,$72.33,319475400,$75.92,$76.00,$71.45,112
03/02/2020,$74.70,341397360,$70.57,$75.36,$69.43,111
02/28/2020,$68.34,426884800,$64.32,$69.60,$64.09,110
02/27/2020,$68.38,320605520,$70.28,$71.50,$68.24,109
02/26/2020,$73.16,198713720,$71.63,$74.47,$71.63,108
02/25/2020,$72.02,230673440,$75.24,$75.63,$71.53,107
02/24/2020,$74.55,222195320,$74.32,$76.05,$72.31,106
02/21/2020,$78.26,129705680,$79.66,$80.11,$77.63,105
02/20/2020,$80.08,100565960,$80.66,$81.16,$79.55,104
02/19/2020,$80.91,93983960,$80.00,$81.14,$80.00,103
02/18/2020,$79.75,152762200,$78.84,$79.94,$78.65,102
02/14/2020,$81.24,80113800,$81.19,$81.50,$80.71,101
02/13/2020,$81.22,94747560,$81.05,$81.56,$80.84,100
02/12/2020,$81.80,113730280,$80.37,$81.81,$80.37,99
02/11/2020,$79.90,94323120,$80.90,$80.98,$79.68,98
02/10/2020,$80.39,109348880,$78.55,$80.39,$78.46,97
02/07/2020,$80.01,117684040,$80.59,$80.85,$79.50,96
02/06/2020,$81.30,105425560,$80.64,$81.31,$80.07,95
02/05/2020,$80.36,118826880,$80.88,$81.19,$79.74,94
02/04/2020,$79.71,136616520,$78.83,$79.91,$78.41,93
02/03/2020,$77.17,173985600,$76.08,$78.37,$75.56,92
01/31/2020,$77.38,199588400,$80.23,$80.67,$77.07,91
01/30/2020,$80.97,126743240,$80.14,$81.02,$79.69,90
01/29/2020,$81.09,216599720,$81.11,$81.96,$80.35,89
01/28/2020,$79.42,162233960,$78.15,$79.60,$78.05,88
01/27/2020,$77.24,161940040,$77.52,$77.94,$76.22,87
01/24/2020,$79.58,146537520,$80.06,$80.83,$79.38,86
01/23/2020,$79.81,104471960,$79.48,$79.89,$78.91,85
01/22/2020,$79.43,101832480,$79.65,$80.00,$79.33,84
01/21/2020,$79.14,110843240,$79.30,$79.76,$79.00,83
01/17/2020,$79.68,137816480,$79.07,$79.69,$78.75,82
01/16/2020,$78.81,108829000,$78.40,$78.93,$78.02,81
01/15/2020,$77.84,121923520,$77.96,$78.88,$77.39,80
01/14/2020,$78.17,162613840,$79.18,$79.39,$78.04,79
01/13/2020,$79.24,122086880,$77.91,$79.27,$77.79,78
01/10/2020,$77.58,140869080,$77.65,$78.17,$77.06,77
01/09/2020,$77.41,170486160,$76.81,$77.61,$76.55,76
01/08/2020,$75.80,132363800,$74.29,$76.11,$74.29,75
01/07/2020,$74.60,111510640,$74.96,$75.23,$74.37,74
01/06/2020,$74.95,118578560,$73.45,$74.99,$73.19,73
01/03/2020,$74.36,146535520,$74.29,$75.15,$74.13,72
01/02/2020,$75.09,135647440,$74.06,$75.15,$73.80,71
12/31/2019,$73.41,100990520,$72.48,$73.42,$72.38,70
12/30/2019,$72.88,144238440,$72.37,$73.17,$71.31,69
12/27/2019,$72.45,146371760,$72.78,$73.49,$72.03,68
12/26/2019,$72.48,93336000,$71.21,$72.50,$71.18,67
12/24/2019,$71.07,48478840,$71.17,$71.22,$70.73,66
12/23/2019,$71.00,98711520,$70.13,$71.06,$70.09,65
12/20/2019,$69.86,276130960,$70.56,$70.66,$69.64,64
12/19/2019,$70.01,98507800,$69.88,$70.30,$69.74,63
12/18/2019,$69.94,116098760,$69.95,$70.48,$69.78,62
12/17/2019,$70.10,114303200,$69.89,$70.44,$69.70,61
12/16/2019,$69.97,128324440,$69.25,$70.20,$69.25,60
12/13/2019,$68.79,133731240,$67.87,$68.83,$67.73,59
12/12/2019,$67.87,137748160,$66.95,$68.14,$66.83,58
12/11/2019,$67.69,78893560,$67.20,$67.78,$67.13,57
12/10/2019,$67.12,90529520,$67.15,$67.52,$66.47,56
12/09/2019,$66.73,128730600,$67.50,$67.70,$66.23,55
12/06/2019,$67.68,106189960,$66.87,$67.75,$66.83,54
12/05/2019,$66.40,74645360,$65.95,$66.47,$65.68,53
12/04/2019,$65.44,67241560,$65.27,$65.83,$65.17,52
12/03/2019,$64.86,117509080,$64.58,$64.88,$64.07,51
12/02/2019,$66.04,94774200,$66.82,$67.06,$65.86,50
11/29/2019,$66.81,46617440,$66.65,$67.00,$66.48,49
11/27/2019,$66.96,65544480,$66.40,$67.00,$66.33,48
11/26/2019,$66.07,105339520,$66.74,$66.79,$65.63,47
11/25/2019,$66.59,84118080,$65.68,$66.61,$65.63,46
11/22/2019,$65.45,65325040,$65.65,$65.80,$65.21,45
11/21/2019,$65.50,121395120,$65.92,$66.00,$65.30,44
11/20/2019,$65.80,106439680,$66.39,$66.52,$65.10,43
11/19/2019,$66.57,76278400,$66.98,$67.00,$66.35,42
11/18/2019,$66.78,86803600,$66.45,$66.86,$66.06,41
11/15/2019,$66.44,100374680,$65.92,$66.45,$65.75,40
11/14/2019,$65.66,89582240,$65.94,$66.22,$65.53,39
11/13/2019,$66.12,103270360,$65.28,$66.20,$65.27,38
11/12/2019,$65.49,87388920,$65.39,$65.70,$65.23,37
11/11/2019,$65.55,82029840,$64.58,$65.62,$64.57,36
11/08/2019,$65.04,70082000,$64.67,$65.11,$64.21,35
11/07/2019,$64.86,94940320,$64.69,$65.09,$64.53,34
11/06/2019,$64.31,75864480,$64.19,$64.37,$63.84,33
11/05/2019,$64.28,79897720,$64.26,$64.55,$64.08,32
11/04/2019,$64.38,103271800,$64.33,$64.46,$63.85,31
11/01/2019,$63.96,151125320,$62.39,$63.98,$62.29,30
10/31/2019,$62.19,139162080,$61.81,$62.29,$59.32,29
10/30/2019,$60.82,124522080,$61.19,$61.33,$60.30,28
10/29/2019,$60.82,142839480,$62.24,$62.44,$60.64,27
10/28/2019,$62.26,96572960,$61.86,$62.31,$61.68,26
10/25/2019,$61.65,73477200,$60.79,$61.68,$60.72,25
10/24/2019,$60.90,71665040,$61.13,$61.20,$60.45,24
10/23/2019,$60.80,79730200,$60.53,$60.81,$60.31,23
10/22/2019,$59.99,90736000,$60.29,$60.55,$59.91,22
10/21/2019,$60.13,89469920,$59.38,$60.25,$59.33,21
10/18/2019,$59.10,97508680,$58.65,$59.40,$58.57,20
10/17/2019,$58.82,69091600,$58.77,$59.04,$58.38,19
10/16/2019,$58.59,77146760,$58.34,$58.81,$58.30,18
10/15/2019,$58.83,92161920,$59.10,$59.41,$58.72,17
10/14/2019,$58.97,97653920,$58.73,$59.53,$58.67,16
10/11/2019,$59.05,167960840,$58.24,$59.41,$58.08,15
10/10/2019,$57.52,115851920,$56.98,$57.61,$56.83,14
10/09/2019,$56.76,76117680,$56.76,$56.95,$56.41,13
10/08/2019,$56.10,117130800,$56.46,$57.02,$56.08,12
10/07/2019,$56.77,123557080,$56.57,$57.48,$56.46,11
10/04/2019,$56.75,139022200,$56.41,$56.87,$55.97,10
10/03/2019,$55.21,121410760,$54.61,$55.24,$53.78,9
10/02/2019,$54.74,143069040,$55.77,$55.90,$54.48,8
10/01/2019,$56.15,144748640,$56.27,$57.06,$56.05,7
09/30/2019,$55.99,105274320,$55.23,$56.15,$55.20,6
09/27/2019,$54.71,101445160,$55.14,$55.24,$54.32,5
09/26/2019,$54.97,76353240,$55.00,$55.24,$54.71,4
09/25/2019,$55.26,89924040,$54.64,$55.38,$54.29,3
09/24/2019,$54.42,125737480,$55.26,$55.62,$54.30,2
09/23/2019,$54.68,77678600,$54.74,$54.96,$54.41,1
09/20/2019,$54.43,231908360,$55.35,$55.64,$54.37,0